cn,maxCoefficient,maxTriangles,minCoefficient,minTriangles,pa,sl,sp,tn,label
0,1,28,1,15,48,0,0,14,0
3,0.117647,70,0.116959,20,665,0,0,51,1
1,1,2,0.666667,1,6,1,1,4,1
4,0.444444,42,0.245614,20,190,0,0,25,1
2,0.666667,3,0.3,2,15,1,1,6,1
