cn,maxCoefficient,maxTriangles,minCoefficient,minTriangles,pa,sl,sp,tn,label
0,0.308824,42,0,0,17,0,0,18,0
3,0.12987,69,0.115966,30,910,0,0,58,1
1,0,0,0,0,6,1,1,4,1
6,0.333333,40,0.286765,39,380,0,1,33,1
2,0.666667,3,0.3,2,15,1,1,6,1
