Measure,Score
Accuracy,0.9551788797755234
Precision,0.9651241332726797
Recall,0.944487912799482
